question,temporality,feature,label,mode,model,f1_binary_mean,f1_binary_std,f1_macro_mean,f1_macro_std
1,False,all,depression,selection feature,LinearSVC,0.5452380952380953,0.1502077171008334,0.593095238095238,0.11044000844283111
1,False,all,depression,selection feature,LogisticRegression,0.530952380952381,0.1504905056481951,0.5692857142857143,0.11613215749539463
1,False,all,depression,selection feature,KNeighborsClassifier,0.5,0.11785113019775792,0.5266666666666666,0.15347819244295122
1,False,all,depression,selection feature,SVC,0.4333333333333333,0.25276251480171835,0.4644444444444444,0.1592129562318933
1,False,all,depression,selection feature,RandomForestClassifier,0.3833333333333333,0.27386127875258304,0.4927777777777777,0.19420223009234344
1,False,all,depression,selection feature,GaussianNB,0.38095238095238093,0.2586376307428623,0.4420634920634921,0.1366071068344986
1,False,all,depression,selection feature,DecisionTreeClassifier,0.32142857142857145,0.2258769757263128,0.362012987012987,0.18100629129205278
1,False,all,depression,selection feature,GradientBoostingClassifier,0.27999999999999997,0.2588435821108957,0.3788888888888889,0.1491953727809923
1,False,all,depression,selection feature,HistGradientBoostingClassifier,0.0,0.0,0.3784382284382285,0.023220983789778094
1,False,all,depression,PCA,GaussianNB,0.6047619047619047,0.1974899176507402,0.6712698412698412,0.1648666498103928
1,False,all,depression,PCA,GradientBoostingClassifier,0.5380952380952381,0.19240098905558972,0.6547619047619048,0.13820808197389356
1,False,all,depression,PCA,LinearSVC,0.5342857142857143,0.12725962178895742,0.5388095238095237,0.17283566047803856
1,False,all,depression,PCA,LogisticRegression,0.4885714285714286,0.0859520511799504,0.5814285714285714,0.05206615362921959
1,False,all,depression,PCA,SVC,0.4809523809523809,0.2778684659218125,0.5971428571428572,0.17050969011105704
1,False,all,depression,PCA,KNeighborsClassifier,0.48,0.1315527363796724,0.5161904761904761,0.13237752650585946
1,False,all,depression,PCA,DecisionTreeClassifier,0.40476190476190477,0.31134992453861954,0.5380952380952382,0.21843210623443982
1,False,all,depression,PCA,RandomForestClassifier,0.36,0.3507135583350037,0.5682828282828283,0.21604517537845108
1,False,all,depression,PCA,HistGradientBoostingClassifier,0.0,0.0,0.3784382284382285,0.023220983789778094
1,False,all,depression,t-SNE,KNeighborsClassifier,0.6185714285714285,0.16000637742392188,0.6541269841269841,0.13572171148346904
1,False,all,depression,t-SNE,LinearSVC,0.6,0.14907119849998596,0.6709090909090909,0.1457901352785444
1,False,all,depression,t-SNE,LogisticRegression,0.5599999999999999,0.14605934866804426,0.6592424242424242,0.1184830078133395
1,False,all,depression,t-SNE,GaussianNB,0.5542857142857143,0.19099928173577715,0.6243650793650793,0.1635078586914632
1,False,all,depression,t-SNE,SVC,0.5266666666666666,0.31304951684997057,0.6758585858585858,0.18869581771004657
1,False,all,depression,t-SNE,DecisionTreeClassifier,0.36095238095238097,0.22147720919997915,0.45714285714285713,0.12246291492888699
1,False,all,depression,t-SNE,RandomForestClassifier,0.29333333333333333,0.2890597785157173,0.5096969696969698,0.19115424374986098
1,False,all,depression,t-SNE,GradientBoostingClassifier,0.28095238095238095,0.27063375692157754,0.41047619047619044,0.13037317796571435
1,False,all,depression,t-SNE,HistGradientBoostingClassifier,0.0,0.0,0.3784382284382285,0.023220983789778094
1,False,all,depression,SMOTE,KNeighborsClassifier,0.6579365079365079,0.15913638494971918,0.5956349206349205,0.23540310013150698
1,False,all,depression,SMOTE,LogisticRegression,0.6133333333333333,0.11925695879998877,0.6942424242424242,0.09563565070594968
1,False,all,depression,SMOTE,LinearSVC,0.6,0.14907119849998596,0.6709090909090909,0.1457901352785444
1,False,all,depression,SMOTE,GaussianNB,0.5542857142857143,0.19099928173577715,0.6243650793650793,0.1635078586914632
1,False,all,depression,SMOTE,RandomForestClassifier,0.5142857142857142,0.12210363242817222,0.6088095238095238,0.11216282301285552
1,False,all,depression,SMOTE,SVC,0.49333333333333335,0.30313180118372424,0.6625252525252525,0.18595476760311122
1,False,all,depression,SMOTE,DecisionTreeClassifier,0.41714285714285715,0.2964758998361814,0.516031746031746,0.23757907012795168
1,False,all,depression,SMOTE,GradientBoostingClassifier,0.3466666666666667,0.2062899792902107,0.48,0.13091557924436986
1,False,all,depression,SMOTE,HistGradientBoostingClassifier,0.0,0.0,0.3784382284382285,0.023220983789778094
1,False,all,depression,Pass,KNeighborsClassifier,0.6185714285714285,0.16000637742392188,0.6541269841269841,0.13572171148346904
1,False,all,depression,Pass,LinearSVC,0.6,0.14907119849998596,0.6709090909090909,0.1457901352785444
1,False,all,depression,Pass,LogisticRegression,0.5599999999999999,0.14605934866804426,0.6592424242424242,0.1184830078133395
1,False,all,depression,Pass,GaussianNB,0.5542857142857143,0.19099928173577715,0.6243650793650793,0.1635078586914632
1,False,all,depression,Pass,SVC,0.5266666666666666,0.31304951684997057,0.6758585858585858,0.18869581771004657
1,False,all,depression,Pass,DecisionTreeClassifier,0.36095238095238097,0.22147720919997915,0.45714285714285713,0.12246291492888699
1,False,all,depression,Pass,RandomForestClassifier,0.29333333333333333,0.2890597785157173,0.5096969696969698,0.19115424374986098
1,False,all,depression,Pass,GradientBoostingClassifier,0.28095238095238095,0.27063375692157754,0.41047619047619044,0.13037317796571435
1,False,all,depression,Pass,HistGradientBoostingClassifier,0.0,0.0,0.3784382284382285,0.023220983789778094
1,False,all,anxiety,selection feature,HistGradientBoostingClassifier,0.6896969696969697,0.05659450923601823,0.34484848484848485,0.028297254618009113
1,False,all,anxiety,selection feature,GradientBoostingClassifier,0.6544444444444444,0.23035131515809007,0.6155555555555555,0.19414262289536363
1,False,all,anxiety,selection feature,SVC,0.6452380952380953,0.07548032135308266,0.5919047619047619,0.09040724189883848
1,False,all,anxiety,selection feature,LogisticRegression,0.6361904761904762,0.10042991486829768,0.6195238095238096,0.07214717887416763
1,False,all,anxiety,selection feature,RandomForestClassifier,0.6285714285714286,0.1146200466848658,0.6047619047619047,0.12057061517065581
1,False,all,anxiety,selection feature,KNeighborsClassifier,0.6142857142857142,0.12727521200861042,0.5726190476190476,0.15694431902549522
1,False,all,anxiety,selection feature,GaussianNB,0.6134920634920634,0.22663559655446536,0.601984126984127,0.21602213861985933
1,False,all,anxiety,selection feature,LinearSVC,0.6095238095238095,0.052164053095730106,0.6007142857142858,0.06740450539050617
1,False,all,anxiety,selection feature,DecisionTreeClassifier,0.4776190476190476,0.18072981299753077,0.5388095238095237,0.12751883947781484
1,False,all,anxiety,PCA,HistGradientBoostingClassifier,0.6896969696969697,0.05659450923601823,0.34484848484848485,0.028297254618009113
1,False,all,anxiety,PCA,LogisticRegression,0.5666666666666667,0.14907119849998596,0.4966666666666667,0.05322906474223769
1,False,all,anxiety,PCA,LinearSVC,0.5476190476190477,0.13883218797250715,0.5042857142857142,0.06182228938540379
1,False,all,anxiety,PCA,KNeighborsClassifier,0.5326984126984127,0.16523801899880833,0.4432539682539682,0.19532236212188495
1,False,all,anxiety,PCA,RandomForestClassifier,0.5142857142857142,0.16970028267814724,0.5042857142857142,0.06182228938540377
1,False,all,anxiety,PCA,GaussianNB,0.5142857142857142,0.16970028267814724,0.5042857142857142,0.06182228938540379
1,False,all,anxiety,PCA,SVC,0.5095238095238095,0.10323563518418474,0.5195238095238095,0.07323896215970903
1,False,all,anxiety,PCA,DecisionTreeClassifier,0.46317460317460313,0.07315721309733102,0.46145743145743146,0.14742797311450864
1,False,all,anxiety,PCA,GradientBoostingClassifier,0.4464069264069265,0.28730281214701187,0.39534632034632033,0.18838730630827777
1,False,all,anxiety,t-SNE,HistGradientBoostingClassifier,0.6896969696969697,0.05659450923601823,0.34484848484848485,0.028297254618009113
1,False,all,anxiety,t-SNE,RandomForestClassifier,0.6142857142857142,0.12727521200861042,0.5809523809523809,0.1285355990640623
1,False,all,anxiety,t-SNE,LinearSVC,0.6,0.18066236157232332,0.5666666666666667,0.1357847561400027
1,False,all,anxiety,t-SNE,LogisticRegression,0.5666666666666667,0.18066236157232332,0.5433333333333332,0.15200054824462528
1,False,all,anxiety,t-SNE,KNeighborsClassifier,0.5326984126984127,0.16523801899880833,0.43849206349206343,0.18008310768634933
1,False,all,anxiety,t-SNE,GradientBoostingClassifier,0.49428571428571433,0.13275384275583102,0.5342857142857143,0.13102379005390857
1,False,all,anxiety,t-SNE,DecisionTreeClassifier,0.4809523809523809,0.14715749657488042,0.5109523809523809,0.14122680814161487
1,False,all,anxiety,t-SNE,SVC,0.47777777777777775,0.3370166864022911,0.49676767676767675,0.21519911030440758
1,False,all,anxiety,t-SNE,GaussianNB,0.4714285714285714,0.20732750390999985,0.44642857142857134,0.19333787820132992
1,False,all,anxiety,SMOTE,SVC,0.6566666666666666,0.16889254382010088,0.4833333333333333,0.2902212863690884
1,False,all,anxiety,SMOTE,RandomForestClassifier,0.6428571428571429,0.09780759955449396,0.6357142857142857,0.06908352924978169
1,False,all,anxiety,SMOTE,LogisticRegression,0.5666666666666667,0.18066236157232332,0.5433333333333332,0.15200054824462528
1,False,all,anxiety,SMOTE,DecisionTreeClassifier,0.5566666666666666,0.20869967789998037,0.5616666666666666,0.15316113519210198
1,False,all,anxiety,SMOTE,LinearSVC,0.5238095238095238,0.22128131304096552,0.5171428571428571,0.1866213349961278
1,False,all,anxiety,SMOTE,GaussianNB,0.5142857142857142,0.17963966199941842,0.4726190476190476,0.17402954111052044
1,False,all,anxiety,SMOTE,KNeighborsClassifier,0.51,0.33821426476257455,0.5705555555555556,0.28385436841651
1,False,all,anxiety,SMOTE,GradientBoostingClassifier,0.4866666666666667,0.1849924923401548,0.5266666666666666,0.1294217910554479
1,False,all,anxiety,SMOTE,HistGradientBoostingClassifier,0.0,0.0,0.3193939393939394,0.028635962799824118
1,False,all,anxiety,Pass,HistGradientBoostingClassifier,0.6896969696969697,0.05659450923601823,0.34484848484848485,0.028297254618009113
1,False,all,anxiety,Pass,RandomForestClassifier,0.6142857142857142,0.12727521200861042,0.5809523809523809,0.1285355990640623
1,False,all,anxiety,Pass,LinearSVC,0.6,0.18066236157232332,0.5666666666666667,0.1357847561400027
1,False,all,anxiety,Pass,LogisticRegression,0.5666666666666667,0.18066236157232332,0.5433333333333332,0.15200054824462528
1,False,all,anxiety,Pass,KNeighborsClassifier,0.5326984126984127,0.16523801899880833,0.43849206349206343,0.18008310768634933
1,False,all,anxiety,Pass,GradientBoostingClassifier,0.49428571428571433,0.13275384275583102,0.5342857142857143,0.13102379005390857
1,False,all,anxiety,Pass,DecisionTreeClassifier,0.4809523809523809,0.14715749657488042,0.5109523809523809,0.14122680814161487
1,False,all,anxiety,Pass,SVC,0.47777777777777775,0.3370166864022911,0.49676767676767675,0.21519911030440758
1,False,all,anxiety,Pass,GaussianNB,0.4714285714285714,0.20732750390999985,0.44642857142857134,0.19333787820132992
2,False,all,depression,selection feature,GradientBoostingClassifier,0.3857142857142857,0.24536520053310953,0.49158730158730163,0.1504607854950296
2,False,all,depression,selection feature,DecisionTreeClassifier,0.3476190476190476,0.3227925205729967,0.48867965367965366,0.16314036035907503
2,False,all,depression,selection feature,GaussianNB,0.3180952380952381,0.20817749273330585,0.4606349206349206,0.08740362002889068
2,False,all,depression,selection feature,SVC,0.2571428571428571,0.27684651149997397,0.44134920634920627,0.1567606985302072
2,False,all,depression,selection feature,LogisticRegression,0.21714285714285717,0.20364033921377672,0.4204761904761905,0.11318417555635542
2,False,all,depression,selection feature,KNeighborsClassifier,0.21333333333333332,0.3069563848859023,0.4427777777777777,0.1870993662188789
2,False,all,depression,selection feature,LinearSVC,0.2038095238095238,0.1904285654747019,0.39714285714285713,0.09460204271188213
2,False,all,depression,selection feature,RandomForestClassifier,0.2038095238095238,0.1904285654747019,0.40634920634920635,0.08566099166229281
2,False,all,depression,selection feature,HistGradientBoostingClassifier,0.0,0.0,0.3784382284382285,0.023220983789778094
2,False,all,depression,PCA,KNeighborsClassifier,0.6742857142857143,0.1305990905365715,0.7048412698412698,0.10289201226507656
2,False,all,depression,PCA,LogisticRegression,0.6014285714285714,0.19275129370380314,0.6858225108225108,0.1088041328728943
2,False,all,depression,PCA,LinearSVC,0.5514285714285714,0.18995165872679612,0.5808225108225108,0.2015876527827656
2,False,all,depression,PCA,SVC,0.5342857142857144,0.16524564275338577,0.6298412698412699,0.13176706659385842
2,False,all,depression,PCA,RandomForestClassifier,0.4133333333333333,0.2501110864307209,0.5852564102564102,0.12892267150049463
2,False,all,depression,PCA,GradientBoostingClassifier,0.3833333333333333,0.36132472314464664,0.5559090909090909,0.22412363766162124
2,False,all,depression,PCA,GaussianNB,0.36190476190476184,0.33265236564900913,0.472965367965368,0.23463493492720333
2,False,all,depression,PCA,DecisionTreeClassifier,0.13333333333333333,0.2981423969999719,0.43712121212121213,0.1545528815803025
2,False,all,depression,PCA,HistGradientBoostingClassifier,0.0,0.0,0.3784382284382285,0.023220983789778094
2,False,all,depression,t-SNE,LinearSVC,0.6780952380952381,0.17643483698147672,0.7363780663780664,0.12007829396486748
2,False,all,depression,t-SNE,KNeighborsClassifier,0.6014285714285714,0.19275129370380314,0.682936507936508,0.12382033428587429
2,False,all,depression,t-SNE,LogisticRegression,0.599047619047619,0.17419721927118711,0.6701082251082251,0.12033430987438092
2,False,all,depression,t-SNE,GaussianNB,0.3704761904761905,0.24990701218499053,0.5142640692640692,0.18265298715326234
2,False,all,depression,t-SNE,SVC,0.3333333333333333,0.3118047822311618,0.5504545454545455,0.17185919557522933
2,False,all,depression,t-SNE,GradientBoostingClassifier,0.31333333333333335,0.30147784145586703,0.4655050505050505,0.18324840813433263
2,False,all,depression,t-SNE,RandomForestClassifier,0.27999999999999997,0.2588435821108957,0.5166666666666667,0.14092945437739804
2,False,all,depression,t-SNE,DecisionTreeClassifier,0.18333333333333332,0.1707825127659933,0.3338383838383838,0.09232552546717798
2,False,all,depression,t-SNE,HistGradientBoostingClassifier,0.0,0.0,0.3784382284382285,0.023220983789778094
2,False,all,depression,SMOTE,LinearSVC,0.618095238095238,0.17562328266766333,0.6974891774891775,0.10711709318990487
2,False,all,depression,SMOTE,KNeighborsClassifier,0.6142857142857142,0.07604152106033957,0.5347619047619048,0.07483163263373575
2,False,all,depression,SMOTE,LogisticRegression,0.599047619047619,0.17419721927118711,0.6701082251082251,0.12033430987438092
2,False,all,depression,SMOTE,RandomForestClassifier,0.45999999999999996,0.12995725793078616,0.5743939393939395,0.11217801591382241
2,False,all,depression,SMOTE,DecisionTreeClassifier,0.24761904761904757,0.2460573463383583,0.4081240981240981,0.12913870914040923
2,False,all,depression,SMOTE,GaussianNB,0.13714285714285715,0.19208841501681842,0.3865367965367965,0.0948383483907283
2,False,all,depression,SMOTE,GradientBoostingClassifier,0.1,0.223606797749979,0.3498989898989899,0.1021016776368916
2,False,all,depression,SMOTE,SVC,0.1,0.223606797749979,0.4242424242424242,0.13551927136362363
2,False,all,depression,SMOTE,HistGradientBoostingClassifier,0.0,0.0,0.3784382284382285,0.023220983789778094
2,False,all,depression,Pass,LinearSVC,0.6780952380952381,0.17643483698147672,0.7363780663780664,0.12007829396486748
2,False,all,depression,Pass,KNeighborsClassifier,0.6014285714285714,0.19275129370380314,0.682936507936508,0.12382033428587429
2,False,all,depression,Pass,LogisticRegression,0.599047619047619,0.17419721927118711,0.6701082251082251,0.12033430987438092
2,False,all,depression,Pass,GaussianNB,0.3704761904761905,0.24990701218499053,0.5142640692640692,0.18265298715326234
2,False,all,depression,Pass,SVC,0.3333333333333333,0.3118047822311618,0.5504545454545455,0.17185919557522933
2,False,all,depression,Pass,GradientBoostingClassifier,0.31333333333333335,0.30147784145586703,0.4655050505050505,0.18324840813433263
2,False,all,depression,Pass,RandomForestClassifier,0.27999999999999997,0.2588435821108957,0.5166666666666667,0.14092945437739804
2,False,all,depression,Pass,DecisionTreeClassifier,0.18333333333333332,0.1707825127659933,0.3338383838383838,0.09232552546717798
2,False,all,depression,Pass,HistGradientBoostingClassifier,0.0,0.0,0.3784382284382285,0.023220983789778094
2,False,all,anxiety,selection feature,HistGradientBoostingClassifier,0.6896969696969697,0.05659450923601823,0.34484848484848485,0.028297254618009113
2,False,all,anxiety,selection feature,DecisionTreeClassifier,0.5476190476190477,0.13883218797250718,0.5464285714285714,0.12824583995144875
2,False,all,anxiety,selection feature,RandomForestClassifier,0.5476190476190477,0.13883218797250718,0.5809523809523809,0.12853559906406226
2,False,all,anxiety,selection feature,GradientBoostingClassifier,0.49428571428571433,0.13275384275583096,0.5114285714285713,0.09168058026750238
2,False,all,anxiety,selection feature,KNeighborsClassifier,0.4809523809523809,0.08812740725391309,0.46428571428571425,0.06992464359804006
2,False,all,anxiety,selection feature,GaussianNB,0.4442857142857143,0.2793213349589775,0.5004978354978354,0.16447798295724023
2,False,all,anxiety,selection feature,LogisticRegression,0.4333333333333333,0.27888667551135854,0.48166666666666663,0.1453444185374863
2,False,all,anxiety,selection feature,LinearSVC,0.38,0.24675674031095662,0.44666666666666666,0.08612007121842544
2,False,all,anxiety,selection feature,SVC,0.36190476190476184,0.23473823893078546,0.4619047619047619,0.10561073864865178
2,False,all,anxiety,PCA,HistGradientBoostingClassifier,0.6896969696969697,0.05659450923601823,0.34484848484848485,0.028297254618009113
2,False,all,anxiety,PCA,LogisticRegression,0.5342857142857143,0.30992922167646536,0.490952380952381,0.26982425833398954
2,False,all,anxiety,PCA,LinearSVC,0.49857142857142855,0.2883981091958737,0.4647619047619047,0.243461258424706
2,False,all,anxiety,PCA,GradientBoostingClassifier,0.4793650793650793,0.13661402300803127,0.3907936507936508,0.11262097719747009
2,False,all,anxiety,PCA,DecisionTreeClassifier,0.46761904761904755,0.26815908907242764,0.4309523809523809,0.11947542181232738
2,False,all,anxiety,PCA,SVC,0.440952380952381,0.29809675946667913,0.4848412698412698,0.26042063866963294
2,False,all,anxiety,PCA,KNeighborsClassifier,0.4103174603174603,0.3173809424578365,0.37875180375180373,0.2874144332555979
2,False,all,anxiety,PCA,RandomForestClassifier,0.3904761904761905,0.25676780408653166,0.37047619047619046,0.12945682791874896
2,False,all,anxiety,PCA,GaussianNB,0.31746031746031744,0.2944005871585938,0.36468253968253966,0.20261618759600264
2,False,all,anxiety,t-SNE,HistGradientBoostingClassifier,0.6896969696969697,0.05659450923601823,0.34484848484848485,0.028297254618009113
2,False,all,anxiety,t-SNE,DecisionTreeClassifier,0.6847619047619047,0.17294796249862646,0.7114285714285714,0.1166806357040418
2,False,all,anxiety,t-SNE,GradientBoostingClassifier,0.6490476190476191,0.1745385883432706,0.684047619047619,0.13257009441036385
2,False,all,anxiety,t-SNE,RandomForestClassifier,0.5380952380952381,0.15757516293118376,0.4852380952380952,0.13431188532547125
2,False,all,anxiety,t-SNE,KNeighborsClassifier,0.47857142857142854,0.31903873477324707,0.46944444444444444,0.3373354324756404
2,False,all,anxiety,t-SNE,GaussianNB,0.4533333333333333,0.14085278191373965,0.29333333333333333,0.1310805049022626
2,False,all,anxiety,t-SNE,SVC,0.35888888888888887,0.23771027079094872,0.2627777777777778,0.1070724342342113
2,False,all,anxiety,t-SNE,LogisticRegression,0.3142857142857143,0.20578371844125617,0.30317460317460315,0.1257567168252121
2,False,all,anxiety,t-SNE,LinearSVC,0.3142857142857143,0.20578371844125617,0.30317460317460315,0.1257567168252121
2,False,all,anxiety,SMOTE,DecisionTreeClassifier,0.6680952380952381,0.16906103233170328,0.6764285714285714,0.14145742851343174
2,False,all,anxiety,SMOTE,RandomForestClassifier,0.5666666666666667,0.1892819706128742,0.5761904761904761,0.18144513110278554
2,False,all,anxiety,SMOTE,GradientBoostingClassifier,0.5166666666666666,0.2312406154251935,0.4833333333333333,0.2544738580767078
2,False,all,anxiety,SMOTE,SVC,0.48047619047619045,0.19639898767121136,0.33380952380952383,0.11339434132262037
2,False,all,anxiety,SMOTE,GaussianNB,0.4533333333333333,0.14085278191373965,0.29333333333333333,0.1310805049022626
2,False,all,anxiety,SMOTE,LogisticRegression,0.3142857142857143,0.20578371844125617,0.30317460317460315,0.1257567168252121
2,False,all,anxiety,SMOTE,LinearSVC,0.3142857142857143,0.20578371844125617,0.30317460317460315,0.1257567168252121
2,False,all,anxiety,SMOTE,KNeighborsClassifier,0.2742857142857143,0.38417683003363684,0.3627200577200577,0.34343594596555793
2,False,all,anxiety,SMOTE,HistGradientBoostingClassifier,0.0,0.0,0.3193939393939394,0.028635962799824118
2,False,all,anxiety,Pass,HistGradientBoostingClassifier,0.6896969696969697,0.05659450923601823,0.34484848484848485,0.028297254618009113
2,False,all,anxiety,Pass,DecisionTreeClassifier,0.6847619047619047,0.17294796249862646,0.7114285714285714,0.1166806357040418
2,False,all,anxiety,Pass,GradientBoostingClassifier,0.6490476190476191,0.1745385883432706,0.684047619047619,0.13257009441036385
2,False,all,anxiety,Pass,RandomForestClassifier,0.5380952380952381,0.15757516293118376,0.4852380952380952,0.13431188532547125
2,False,all,anxiety,Pass,KNeighborsClassifier,0.47857142857142854,0.31903873477324707,0.46944444444444444,0.3373354324756404
2,False,all,anxiety,Pass,GaussianNB,0.4533333333333333,0.14085278191373965,0.29333333333333333,0.1310805049022626
2,False,all,anxiety,Pass,SVC,0.35888888888888887,0.23771027079094872,0.2627777777777778,0.1070724342342113
2,False,all,anxiety,Pass,LogisticRegression,0.3142857142857143,0.20578371844125617,0.30317460317460315,0.1257567168252121
2,False,all,anxiety,Pass,LinearSVC,0.3142857142857143,0.20578371844125617,0.30317460317460315,0.1257567168252121
3,False,all,depression,selection feature,DecisionTreeClassifier,0.4109523809523809,0.2809503631888802,0.5376190476190477,0.1374100406607043
3,False,all,depression,selection feature,SVC,0.37333333333333335,0.03651483716701108,0.4966666666666667,0.053229064742237715
3,False,all,depression,selection feature,LinearSVC,0.36,0.23851391759997756,0.4927777777777777,0.17580941561043864
3,False,all,depression,selection feature,GaussianNB,0.32666666666666666,0.19206480387850577,0.4577272727272727,0.2038965577057661
3,False,all,depression,selection feature,LogisticRegression,0.29333333333333333,0.2890597785157173,0.4655050505050505,0.1998589889081883
3,False,all,depression,selection feature,GradientBoostingClassifier,0.27999999999999997,0.1591644851508443,0.45,0.05137011669140813
3,False,all,depression,selection feature,KNeighborsClassifier,0.27999999999999997,0.2588435821108957,0.4616161616161616,0.22136168321651636
3,False,all,depression,selection feature,RandomForestClassifier,0.08,0.1788854381999832,0.36050505050505055,0.13309800935351354
3,False,all,depression,selection feature,HistGradientBoostingClassifier,0.0,0.0,0.3784382284382285,0.023220983789778094
3,False,all,depression,PCA,LinearSVC,0.3980952380952381,0.41635498546661176,0.5347619047619048,0.29666216545626833
3,False,all,depression,PCA,LogisticRegression,0.31333333333333335,0.30147784145586703,0.4997008547008547,0.19842350210090723
3,False,all,depression,PCA,KNeighborsClassifier,0.3066666666666667,0.3319973226130329,0.41343434343434343,0.31260292662696115
3,False,all,depression,PCA,GaussianNB,0.2942857142857143,0.2754588009492675,0.4776190476190476,0.15328600275124857
3,False,all,depression,PCA,SVC,0.26,0.3714835124201342,0.48555555555555563,0.2489360074446225
3,False,all,depression,PCA,DecisionTreeClassifier,0.24666666666666667,0.23285665595430638,0.43454545454545457,0.15873481070186943
3,False,all,depression,PCA,GradientBoostingClassifier,0.2333333333333333,0.22360679774997896,0.42383838383838385,0.15597125682580376
3,False,all,depression,PCA,RandomForestClassifier,0.08,0.1788854381999832,0.36076146076146076,0.11537265889459049
3,False,all,depression,PCA,HistGradientBoostingClassifier,0.0,0.0,0.3784382284382285,0.023220983789778094
3,False,all,depression,t-SNE,GradientBoostingClassifier,0.6133333333333334,0.2022100118413747,0.6988383838383838,0.14846204215701905
3,False,all,depression,t-SNE,DecisionTreeClassifier,0.5066666666666666,0.14605934866804426,0.6093939393939394,0.09116221074822177
3,False,all,depression,t-SNE,GaussianNB,0.4076190476190476,0.3808571309494039,0.5009523809523809,0.23968148848713033
3,False,all,depression,t-SNE,LinearSVC,0.3657142857142857,0.3716482866630651,0.5034920634920634,0.24425471919871683
3,False,all,depression,t-SNE,LogisticRegression,0.3180952380952381,0.35351169929996673,0.49835164835164836,0.21731693451925882
3,False,all,depression,t-SNE,KNeighborsClassifier,0.24000000000000005,0.3577708763999664,0.44666666666666666,0.2502344579601644
3,False,all,depression,t-SNE,SVC,0.2333333333333333,0.32489314482696546,0.47106060606060607,0.19241111861712437
3,False,all,depression,t-SNE,RandomForestClassifier,0.08,0.17888543819998318,0.3996503496503497,0.08604351329246124
3,False,all,depression,t-SNE,HistGradientBoostingClassifier,0.0,0.0,0.3784382284382285,0.023220983789778094
3,False,all,depression,SMOTE,GradientBoostingClassifier,0.5914285714285714,0.22122110096056405,0.6536507936507936,0.18053558235942965
3,False,all,depression,SMOTE,LinearSVC,0.4514285714285714,0.3283712295544373,0.580018315018315,0.2001926007106036
3,False,all,depression,SMOTE,GaussianNB,0.42666666666666664,0.39327683210007003,0.5283333333333333,0.25694369369259684
3,False,all,depression,SMOTE,DecisionTreeClassifier,0.41571428571428565,0.32389529676317635,0.5023809523809524,0.24302048661810335
3,False,all,depression,SMOTE,KNeighborsClassifier,0.35,0.2850438562747845,0.315,0.250235999719376
3,False,all,depression,SMOTE,LogisticRegression,0.3180952380952381,0.35351169929996673,0.49835164835164836,0.21731693451925882
3,False,all,depression,SMOTE,RandomForestClassifier,0.26,0.24083189157584592,0.47000000000000003,0.14832396974191328
3,False,all,depression,SMOTE,SVC,0.1,0.22360679774997896,0.4357109557109557,0.12174022597167161
3,False,all,depression,SMOTE,HistGradientBoostingClassifier,0.0,0.0,0.3784382284382285,0.023220983789778094
3,False,all,depression,Pass,GradientBoostingClassifier,0.6133333333333334,0.2022100118413747,0.6988383838383838,0.14846204215701905
3,False,all,depression,Pass,DecisionTreeClassifier,0.5066666666666666,0.14605934866804426,0.6093939393939394,0.09116221074822177
3,False,all,depression,Pass,GaussianNB,0.4076190476190476,0.3808571309494039,0.5009523809523809,0.23968148848713033
3,False,all,depression,Pass,LinearSVC,0.3657142857142857,0.3716482866630651,0.5034920634920634,0.24425471919871683
3,False,all,depression,Pass,LogisticRegression,0.3180952380952381,0.35351169929996673,0.49835164835164836,0.21731693451925882
3,False,all,depression,Pass,KNeighborsClassifier,0.24000000000000005,0.3577708763999664,0.44666666666666666,0.2502344579601644
3,False,all,depression,Pass,SVC,0.2333333333333333,0.32489314482696546,0.47106060606060607,0.19241111861712437
3,False,all,depression,Pass,RandomForestClassifier,0.08,0.17888543819998318,0.3996503496503497,0.08604351329246124
3,False,all,depression,Pass,HistGradientBoostingClassifier,0.0,0.0,0.3784382284382285,0.023220983789778094
3,False,all,anxiety,selection feature,HistGradientBoostingClassifier,0.6896969696969697,0.05659450923601823,0.34484848484848485,0.028297254618009113
3,False,all,anxiety,selection feature,GaussianNB,0.6714285714285715,0.20072854832678552,0.6880952380952381,0.16347930101211722
3,False,all,anxiety,selection feature,LogisticRegression,0.6547619047619048,0.19597711468040863,0.6530952380952381,0.17629421013203211
3,False,all,anxiety,selection feature,DecisionTreeClassifier,0.65,0.14811743823805512,0.6333333333333333,0.17198158156934412
3,False,all,anxiety,selection feature,RandomForestClassifier,0.6433333333333333,0.18242197723349504,0.6466666666666667,0.13341143545855097
3,False,all,anxiety,selection feature,SVC,0.6433333333333333,0.18242197723349504,0.6466666666666667,0.13341143545855097
3,False,all,anxiety,selection feature,LinearSVC,0.58,0.19909517545357266,0.6233333333333333,0.14257064525661967
3,False,all,anxiety,selection feature,KNeighborsClassifier,0.55,0.20069324297987162,0.53,0.13611677992730278
3,False,all,anxiety,selection feature,GradientBoostingClassifier,0.55,0.20069324297987162,0.565,0.15793810320642845
3,False,all,anxiety,PCA,HistGradientBoostingClassifier,0.6896969696969697,0.05659450923601823,0.34484848484848485,0.028297254618009113
3,False,all,anxiety,PCA,KNeighborsClassifier,0.6603174603174603,0.1782757693490954,0.611111111111111,0.2108175769912355
3,False,all,anxiety,PCA,SVC,0.6076190476190476,0.1274465785554384,0.5965079365079365,0.1907278430206261
3,False,all,anxiety,PCA,GradientBoostingClassifier,0.5957142857142858,0.20575892372841945,0.574047619047619,0.24482223177250062
3,False,all,anxiety,PCA,RandomForestClassifier,0.5776190476190476,0.1371643501676587,0.5926190476190476,0.13049269968546828
3,False,all,anxiety,PCA,GaussianNB,0.5547619047619048,0.22518573840286896,0.5097619047619047,0.28984171534589104
3,False,all,anxiety,PCA,LogisticRegression,0.5380952380952381,0.15757516293118376,0.5476190476190477,0.18874773804414197
3,False,all,anxiety,PCA,DecisionTreeClassifier,0.5198412698412698,0.15532052214905495,0.49563492063492054,0.1418643856126893
3,False,all,anxiety,PCA,LinearSVC,0.49428571428571433,0.13275384275583102,0.5388095238095237,0.1275188394778148
3,False,all,anxiety,t-SNE,GradientBoostingClassifier,0.7619480519480519,0.1290196176187068,0.669069264069264,0.23965372461714163
3,False,all,anxiety,t-SNE,DecisionTreeClassifier,0.7505194805194806,0.12074465362065798,0.6276406926406926,0.21572317832058846
3,False,all,anxiety,t-SNE,HistGradientBoostingClassifier,0.6896969696969697,0.05659450923601823,0.34484848484848485,0.028297254618009113
3,False,all,anxiety,t-SNE,KNeighborsClassifier,0.6714285714285715,0.16249018808681892,0.638095238095238,0.17744685576621297
3,False,all,anxiety,t-SNE,SVC,0.6533333333333333,0.15018507101425083,0.55,0.14092945437739807
3,False,all,anxiety,t-SNE,RandomForestClassifier,0.6523809523809524,0.1342654493321113,0.5995238095238096,0.162292951995993
3,False,all,anxiety,t-SNE,GaussianNB,0.5952380952380952,0.07142857142857141,0.6002380952380952,0.12723734673289963
3,False,all,anxiety,t-SNE,LogisticRegression,0.5599999999999999,0.17857460314638499,0.5426984126984127,0.19008673810136156
3,False,all,anxiety,t-SNE,LinearSVC,0.5599999999999999,0.17857460314638499,0.5426984126984127,0.19008673810136156
3,False,all,anxiety,SMOTE,GradientBoostingClassifier,0.8028571428571428,0.053595232806583036,0.7645238095238095,0.09170685575402879
3,False,all,anxiety,SMOTE,DecisionTreeClassifier,0.7914285714285715,0.04443523147141653,0.7230952380952381,0.08601798050710989
3,False,all,anxiety,SMOTE,SVC,0.7587878787878788,0.06036314956600601,0.5860606060606062,0.14328159101946375
3,False,all,anxiety,SMOTE,RandomForestClassifier,0.6595238095238095,0.23352761590931861,0.6595238095238095,0.22597107153365453
3,False,all,anxiety,SMOTE,GaussianNB,0.5761904761904761,0.05928523618089873,0.5773809523809523,0.10581183830137607
3,False,all,anxiety,SMOTE,LogisticRegression,0.5599999999999999,0.17857460314638499,0.5426984126984127,0.19008673810136156
3,False,all,anxiety,SMOTE,LinearSVC,0.5599999999999999,0.17857460314638499,0.5426984126984127,0.19008673810136156
3,False,all,anxiety,SMOTE,KNeighborsClassifier,0.5404761904761906,0.17888860720249364,0.5696825396825396,0.16596332128240238
3,False,all,anxiety,SMOTE,HistGradientBoostingClassifier,0.0,0.0,0.3193939393939394,0.028635962799824118
3,False,all,anxiety,Pass,GradientBoostingClassifier,0.7619480519480519,0.1290196176187068,0.669069264069264,0.23965372461714163
3,False,all,anxiety,Pass,DecisionTreeClassifier,0.7505194805194806,0.12074465362065798,0.6276406926406926,0.21572317832058846
3,False,all,anxiety,Pass,HistGradientBoostingClassifier,0.6896969696969697,0.05659450923601823,0.34484848484848485,0.028297254618009113
3,False,all,anxiety,Pass,KNeighborsClassifier,0.6714285714285715,0.16249018808681892,0.638095238095238,0.17744685576621297
3,False,all,anxiety,Pass,SVC,0.6533333333333333,0.15018507101425083,0.55,0.14092945437739807
3,False,all,anxiety,Pass,RandomForestClassifier,0.6523809523809524,0.1342654493321113,0.5995238095238096,0.162292951995993
3,False,all,anxiety,Pass,GaussianNB,0.5952380952380952,0.07142857142857141,0.6002380952380952,0.12723734673289963
3,False,all,anxiety,Pass,LogisticRegression,0.5599999999999999,0.17857460314638499,0.5426984126984127,0.19008673810136156
3,False,all,anxiety,Pass,LinearSVC,0.5599999999999999,0.17857460314638499,0.5426984126984127,0.19008673810136156
4,False,all,depression,selection feature,GradientBoostingClassifier,0.45999999999999996,0.12995725793078614,0.5783333333333334,0.09817784316682096
4,False,all,depression,selection feature,DecisionTreeClassifier,0.3433333333333334,0.2436983563524565,0.4587878787878788,0.22321028331712764
4,False,all,depression,selection feature,SVC,0.29333333333333333,0.1673320053068151,0.4344444444444444,0.12840426130385105
4,False,all,depression,selection feature,LinearSVC,0.2833333333333333,0.30956959368344517,0.4227777777777778,0.18628101697153848
4,False,all,depression,selection feature,LogisticRegression,0.24761904761904763,0.24605734633835832,0.39539682539682536,0.1374854260583021
4,False,all,depression,selection feature,GaussianNB,0.16,0.21908902300206645,0.3577777777777778,0.16450449354063776
4,False,all,depression,selection feature,RandomForestClassifier,0.16,0.21908902300206645,0.4248484848484848,0.11630996236861729
4,False,all,depression,selection feature,KNeighborsClassifier,0.14666666666666667,0.2022100118413747,0.37666666666666665,0.09972183534434394
4,False,all,depression,selection feature,HistGradientBoostingClassifier,0.0,0.0,0.3784382284382285,0.023220983789778094
4,False,all,depression,PCA,GradientBoostingClassifier,0.3476190476190476,0.2205435462268459,0.4742857142857143,0.14444945918383845
4,False,all,depression,PCA,DecisionTreeClassifier,0.3142857142857143,0.2883804176883764,0.4003968253968254,0.22803826154318754
4,False,all,depression,PCA,LogisticRegression,0.14666666666666667,0.2022100118413747,0.37717171717171716,0.12504381438017392
4,False,all,depression,PCA,SVC,0.14666666666666667,0.2022100118413747,0.38939393939393935,0.09118644559594592
4,False,all,depression,PCA,LinearSVC,0.13333333333333333,0.18257418583505536,0.3411111111111111,0.0987264583596865
4,False,all,depression,PCA,KNeighborsClassifier,0.11666666666666665,0.16244657241348273,0.28287878787878784,0.10430032747013065
4,False,all,depression,PCA,GaussianNB,0.11428571428571428,0.25555062599997597,0.3742857142857143,0.11717999814353214
4,False,all,depression,PCA,RandomForestClassifier,0.06666666666666667,0.14907119849998596,0.33989898989898987,0.07230340849018137
4,False,all,depression,PCA,HistGradientBoostingClassifier,0.0,0.0,0.3784382284382285,0.023220983789778094
4,False,all,depression,t-SNE,GaussianNB,0.3142857142857143,0.31153194731040246,0.44873015873015876,0.20646333840006698
4,False,all,depression,t-SNE,DecisionTreeClassifier,0.21666666666666665,0.2173067468400883,0.3285897435897436,0.12341000601976655
4,False,all,depression,t-SNE,GradientBoostingClassifier,0.16,0.21908902300206645,0.35970085470085467,0.183645088866055
4,False,all,depression,t-SNE,KNeighborsClassifier,0.14666666666666667,0.2022100118413747,0.3416666666666667,0.1509230856356236
4,False,all,depression,t-SNE,LinearSVC,0.14666666666666667,0.2022100118413747,0.3488888888888889,0.14350119369744835
4,False,all,depression,t-SNE,LogisticRegression,0.14666666666666667,0.2022100118413747,0.3488888888888889,0.14350119369744835
4,False,all,depression,t-SNE,SVC,0.08,0.1788854381999832,0.36262626262626263,0.12653304375587557
4,False,all,depression,t-SNE,HistGradientBoostingClassifier,0.0,0.0,0.3784382284382285,0.023220983789778094
4,False,all,depression,t-SNE,RandomForestClassifier,0.0,0.0,0.3292929292929293,0.06127576116405295
4,False,all,depression,SMOTE,GradientBoostingClassifier,0.2704761904761905,0.156579075239066,0.39714285714285713,0.09460204271188212
4,False,all,depression,SMOTE,DecisionTreeClassifier,0.2688888888888889,0.2480043806861205,0.3738383838383838,0.11402313528430648
4,False,all,depression,SMOTE,KNeighborsClassifier,0.21666666666666665,0.2173067468400883,0.2461111111111111,0.1959229503379729
4,False,all,depression,SMOTE,GaussianNB,0.2,0.2981423969999719,0.3944444444444445,0.20176688663705422
4,False,all,depression,SMOTE,LogisticRegression,0.13333333333333333,0.18257418583505536,0.32555555555555554,0.1120515754264774
4,False,all,depression,SMOTE,RandomForestClassifier,0.08,0.1788854381999832,0.33434343434343433,0.14120475118409997
4,False,all,depression,SMOTE,LinearSVC,0.08,0.1788854381999832,0.3101010101010101,0.1292060945777445
4,False,all,depression,SMOTE,HistGradientBoostingClassifier,0.0,0.0,0.3784382284382285,0.023220983789778094
4,False,all,depression,SMOTE,SVC,0.0,0.0,0.36818181818181817,0.030113040779320897
4,False,all,depression,Pass,GaussianNB,0.3142857142857143,0.31153194731040246,0.44873015873015876,0.20646333840006698
4,False,all,depression,Pass,DecisionTreeClassifier,0.21666666666666665,0.2173067468400883,0.3285897435897436,0.12341000601976655
4,False,all,depression,Pass,GradientBoostingClassifier,0.16,0.21908902300206645,0.35970085470085467,0.183645088866055
4,False,all,depression,Pass,KNeighborsClassifier,0.14666666666666667,0.2022100118413747,0.3416666666666667,0.1509230856356236
4,False,all,depression,Pass,LinearSVC,0.14666666666666667,0.2022100118413747,0.3488888888888889,0.14350119369744835
4,False,all,depression,Pass,LogisticRegression,0.14666666666666667,0.2022100118413747,0.3488888888888889,0.14350119369744835
4,False,all,depression,Pass,SVC,0.08,0.1788854381999832,0.36262626262626263,0.12653304375587557
4,False,all,depression,Pass,HistGradientBoostingClassifier,0.0,0.0,0.3784382284382285,0.023220983789778094
4,False,all,depression,Pass,RandomForestClassifier,0.0,0.0,0.3292929292929293,0.06127576116405295
4,False,all,anxiety,selection feature,HistGradientBoostingClassifier,0.6896969696969697,0.05659450923601823,0.34484848484848485,0.028297254618009113
4,False,all,anxiety,selection feature,KNeighborsClassifier,0.5231746031746032,0.062255821832000756,0.40206349206349207,0.14252120996008194
4,False,all,anxiety,selection feature,RandomForestClassifier,0.5214285714285715,0.1811246047586567,0.48809523809523814,0.19616504689567604
4,False,all,anxiety,selection feature,LinearSVC,0.4914285714285714,0.17044692486229057,0.4309523809523809,0.1451795354231062
4,False,all,anxiety,selection feature,LogisticRegression,0.47714285714285715,0.16497096563072483,0.43047619047619046,0.18033572873030276
4,False,all,anxiety,selection feature,GradientBoostingClassifier,0.46428571428571425,0.2789374884252377,0.4837301587301587,0.18116720052963511
4,False,all,anxiety,selection feature,DecisionTreeClassifier,0.43571428571428567,0.15649215928719032,0.4107142857142857,0.198045294757311
4,False,all,anxiety,selection feature,SVC,0.3720634920634921,0.217621305257297,0.3603463203463203,0.18915427425160436
4,False,all,anxiety,selection feature,GaussianNB,0.29888888888888887,0.1825910900696951,0.34883838383838384,0.1928062633267993
4,False,all,anxiety,PCA,HistGradientBoostingClassifier,0.6896969696969697,0.05659450923601823,0.34484848484848485,0.028297254618009113
4,False,all,anxiety,PCA,LogisticRegression,0.6,0.18066236157232335,0.6083333333333333,0.14006446928309674
4,False,all,anxiety,PCA,GaussianNB,0.5842857142857143,0.15623474982267616,0.5504761904761905,0.18383627673555328
4,False,all,anxiety,PCA,KNeighborsClassifier,0.5833333333333333,0.11785113019775788,0.5149999999999999,0.11966388111892597
4,False,all,anxiety,PCA,RandomForestClassifier,0.5428571428571429,0.2371409447235949,0.5487301587301587,0.19172835774742628
4,False,all,anxiety,PCA,LinearSVC,0.5347619047619048,0.19056248045435412,0.5773015873015872,0.14260488088916856
4,False,all,anxiety,PCA,SVC,0.5333333333333333,0.10274023338281627,0.45666666666666667,0.09972183534434394
4,False,all,anxiety,PCA,GradientBoostingClassifier,0.46571428571428564,0.12272418054236874,0.409047619047619,0.16711165086514845
4,False,all,anxiety,PCA,DecisionTreeClassifier,0.39761904761904765,0.3081011260201353,0.42293650793650794,0.19754899312909435
4,False,all,anxiety,t-SNE,HistGradientBoostingClassifier,0.6896969696969697,0.05659450923601823,0.34484848484848485,0.028297254618009113
4,False,all,anxiety,t-SNE,LogisticRegression,0.6342857142857143,0.154060682451919,0.5965079365079365,0.16326324718404434
4,False,all,anxiety,t-SNE,KNeighborsClassifier,0.5952380952380952,0.17260764421374242,0.5538095238095238,0.1867597084826437
4,False,all,anxiety,t-SNE,SVC,0.5898412698412698,0.09136020371516965,0.4606349206349206,0.12018713886980692
4,False,all,anxiety,t-SNE,LinearSVC,0.5647619047619047,0.19224181673031818,0.5461904761904762,0.1866382523455445
4,False,all,anxiety,t-SNE,RandomForestClassifier,0.5476190476190477,0.13883218797250713,0.5114285714285713,0.09168058026750235
4,False,all,anxiety,t-SNE,DecisionTreeClassifier,0.530952380952381,0.17202277969703278,0.5226190476190476,0.23977827768373763
4,False,all,anxiety,t-SNE,GaussianNB,0.44761904761904764,0.2594036419040923,0.4392857142857142,0.2678703700437812
4,False,all,anxiety,t-SNE,GradientBoostingClassifier,0.36190476190476184,0.11952286093343935,0.4111111111111111,0.10441108889868364
4,False,all,anxiety,SMOTE,LogisticRegression,0.6342857142857143,0.154060682451919,0.5965079365079365,0.16326324718404434
4,False,all,anxiety,SMOTE,LinearSVC,0.6076190476190476,0.1274465785554384,0.5731746031746032,0.16203931539268554
4,False,all,anxiety,SMOTE,SVC,0.5933333333333334,0.15347819244295116,0.42000000000000004,0.17927322412699806
4,False,all,anxiety,SMOTE,KNeighborsClassifier,0.5385714285714286,0.3183022565590955,0.5613492063492063,0.2759822353983676
4,False,all,anxiety,SMOTE,DecisionTreeClassifier,0.530952380952381,0.17202277969703278,0.5226190476190476,0.23977827768373763
4,False,all,anxiety,SMOTE,RandomForestClassifier,0.519047619047619,0.14325341863325067,0.4852380952380952,0.13431188532547125
4,False,all,anxiety,SMOTE,GradientBoostingClassifier,0.4603174603174603,0.15952183525588715,0.4694444444444444,0.16948672384314614
4,False,all,anxiety,SMOTE,GaussianNB,0.44761904761904764,0.2594036419040923,0.4392857142857142,0.2678703700437812
4,False,all,anxiety,SMOTE,HistGradientBoostingClassifier,0.0,0.0,0.3193939393939394,0.028635962799824118
4,False,all,anxiety,Pass,HistGradientBoostingClassifier,0.6896969696969697,0.05659450923601823,0.34484848484848485,0.028297254618009113
4,False,all,anxiety,Pass,LogisticRegression,0.6342857142857143,0.154060682451919,0.5965079365079365,0.16326324718404434
4,False,all,anxiety,Pass,KNeighborsClassifier,0.5952380952380952,0.17260764421374242,0.5538095238095238,0.1867597084826437
4,False,all,anxiety,Pass,SVC,0.5898412698412698,0.09136020371516965,0.4606349206349206,0.12018713886980692
4,False,all,anxiety,Pass,LinearSVC,0.5647619047619047,0.19224181673031818,0.5461904761904762,0.1866382523455445
4,False,all,anxiety,Pass,RandomForestClassifier,0.5476190476190477,0.13883218797250713,0.5114285714285713,0.09168058026750235
4,False,all,anxiety,Pass,DecisionTreeClassifier,0.530952380952381,0.17202277969703278,0.5226190476190476,0.23977827768373763
4,False,all,anxiety,Pass,GaussianNB,0.44761904761904764,0.2594036419040923,0.4392857142857142,0.2678703700437812
4,False,all,anxiety,Pass,GradientBoostingClassifier,0.36190476190476184,0.11952286093343935,0.4111111111111111,0.10441108889868364
5,False,all,depression,selection feature,RandomForestClassifier,0.5047619047619047,0.14025406166688706,0.5889682539682539,0.1342866758568147
5,False,all,depression,selection feature,DecisionTreeClassifier,0.48142857142857143,0.3634303683693222,0.5353174603174603,0.3510987684044293
5,False,all,depression,selection feature,GradientBoostingClassifier,0.44333333333333336,0.3218004902972579,0.5055555555555555,0.32210845692823925
5,False,all,depression,selection feature,LinearSVC,0.39333333333333337,0.24540216425741282,0.5483333333333333,0.15946960699630372
5,False,all,depression,selection feature,LogisticRegression,0.37333333333333335,0.23851391759997756,0.5277272727272727,0.14648428116388176
5,False,all,depression,selection feature,SVC,0.3276190476190476,0.04694764778615709,0.40349206349206346,0.09021229964537335
5,False,all,depression,selection feature,GaussianNB,0.29333333333333333,0.16733200530681513,0.45,0.09718253158075502
5,False,all,depression,selection feature,KNeighborsClassifier,0.29333333333333333,0.1673320053068151,0.4587878787878788,0.08537041850834626
5,False,all,depression,selection feature,HistGradientBoostingClassifier,0.0,0.0,0.3784382284382285,0.023220983789778094
5,False,all,depression,PCA,LinearSVC,0.38476190476190475,0.11200097181308219,0.45082251082251085,0.1192337584537234
5,False,all,depression,PCA,LogisticRegression,0.37333333333333335,0.23851391759997756,0.4927272727272728,0.21796509122273575
5,False,all,depression,PCA,DecisionTreeClassifier,0.27999999999999997,0.2588435821108957,0.49000000000000005,0.18089284734953517
5,False,all,depression,PCA,RandomForestClassifier,0.27999999999999997,0.2588435821108957,0.49000000000000005,0.18089284734953515
5,False,all,depression,PCA,GradientBoostingClassifier,0.25,0.3535533905932738,0.43272727272727274,0.2488837568546388
5,False,all,depression,PCA,KNeighborsClassifier,0.18,0.24899799195977465,0.42050505050505044,0.16996116399220484
5,False,all,depression,PCA,GaussianNB,0.14666666666666667,0.20221001184137466,0.3887878787878788,0.10925702840220432
5,False,all,depression,PCA,SVC,0.08,0.1788854381999832,0.35333333333333333,0.1016530045465127
5,False,all,depression,PCA,HistGradientBoostingClassifier,0.0,0.0,0.3784382284382285,0.023220983789778094
5,False,all,depression,t-SNE,DecisionTreeClassifier,0.5114285714285713,0.3452889946058495,0.6091053391053391,0.2325199954595131
5,False,all,depression,t-SNE,GradientBoostingClassifier,0.4980952380952381,0.35189155204280337,0.5886507936507936,0.304603960395026
5,False,all,depression,t-SNE,LinearSVC,0.468095238095238,0.34378017286666757,0.5536002886002886,0.2473577209954413
5,False,all,depression,t-SNE,LogisticRegression,0.4333333333333333,0.2788866755113585,0.5599999999999999,0.18942530043382388
5,False,all,depression,t-SNE,KNeighborsClassifier,0.2742857142857143,0.38417683003363684,0.467012987012987,0.24588443114763997
5,False,all,depression,t-SNE,GaussianNB,0.24666666666666667,0.23285665595430638,0.3877777777777778,0.12585509990794774
5,False,all,depression,t-SNE,RandomForestClassifier,0.21333333333333332,0.3069563848859023,0.47575757575757577,0.20073327468702054
5,False,all,depression,t-SNE,SVC,0.16,0.21908902300206645,0.4248484848484849,0.11630996236861729
5,False,all,depression,t-SNE,HistGradientBoostingClassifier,0.0,0.0,0.3784382284382285,0.023220983789778094
5,False,all,depression,SMOTE,LinearSVC,0.5095238095238095,0.36483773922624674,0.6195238095238095,0.2541626240338699
5,False,all,depression,SMOTE,KNeighborsClassifier,0.5077777777777778,0.13997354247354246,0.4266161616161616,0.21318528207505097
5,False,all,depression,SMOTE,GradientBoostingClassifier,0.4980952380952381,0.35189155204280337,0.5886507936507936,0.304603960395026
5,False,all,depression,SMOTE,LogisticRegression,0.47142857142857136,0.32749997836284567,0.5897619047619047,0.22659988011676932
5,False,all,depression,SMOTE,RandomForestClassifier,0.3704761904761905,0.24990701218499053,0.4957936507936508,0.20142585085783296
5,False,all,depression,SMOTE,DecisionTreeClassifier,0.34,0.3435112807463534,0.4626767676767677,0.26546700807114904
5,False,all,depression,SMOTE,GaussianNB,0.13333333333333333,0.18257418583505536,0.33777777777777773,0.08253319571579502
5,False,all,depression,SMOTE,HistGradientBoostingClassifier,0.0,0.0,0.3784382284382285,0.023220983789778094
5,False,all,depression,SMOTE,SVC,0.0,0.0,0.3551048951048951,0.03211610313215367
5,False,all,depression,Pass,DecisionTreeClassifier,0.5114285714285713,0.3452889946058495,0.6091053391053391,0.2325199954595131
5,False,all,depression,Pass,GradientBoostingClassifier,0.4980952380952381,0.35189155204280337,0.5886507936507936,0.304603960395026
5,False,all,depression,Pass,LinearSVC,0.468095238095238,0.34378017286666757,0.5536002886002886,0.2473577209954413
5,False,all,depression,Pass,LogisticRegression,0.4333333333333333,0.2788866755113585,0.5599999999999999,0.18942530043382388
5,False,all,depression,Pass,KNeighborsClassifier,0.2742857142857143,0.38417683003363684,0.467012987012987,0.24588443114763997
5,False,all,depression,Pass,GaussianNB,0.24666666666666667,0.23285665595430638,0.3877777777777778,0.12585509990794774
5,False,all,depression,Pass,RandomForestClassifier,0.21333333333333332,0.3069563848859023,0.47575757575757577,0.20073327468702054
5,False,all,depression,Pass,SVC,0.16,0.21908902300206645,0.4248484848484849,0.11630996236861729
5,False,all,depression,Pass,HistGradientBoostingClassifier,0.0,0.0,0.3784382284382285,0.023220983789778094
5,False,all,anxiety,selection feature,HistGradientBoostingClassifier,0.6896969696969697,0.05659450923601823,0.34484848484848485,0.028297254618009113
5,False,all,anxiety,selection feature,LinearSVC,0.6514285714285715,0.20040774762000205,0.6876190476190476,0.15770462358256884
5,False,all,anxiety,selection feature,LogisticRegression,0.5919047619047619,0.1306229622870496,0.628095238095238,0.07929232776650195
5,False,all,anxiety,selection feature,SVC,0.530952380952381,0.1662750501135075,0.5392857142857143,0.11175268288286988
5,False,all,anxiety,selection feature,DecisionTreeClassifier,0.5238095238095238,0.19633836312465047,0.5126190476190475,0.16639774222260365
5,False,all,anxiety,selection feature,RandomForestClassifier,0.47698412698412695,0.18823917873327775,0.4694444444444444,0.16948672384314614
5,False,all,anxiety,selection feature,KNeighborsClassifier,0.41428571428571426,0.2616882221720778,0.4992857142857143,0.15447225642339513
5,False,all,anxiety,selection feature,GaussianNB,0.36,0.036514837167011094,0.3966666666666666,0.12099127608587691
5,False,all,anxiety,selection feature,GradientBoostingClassifier,0.35936507936507933,0.06258881318899694,0.40349206349206346,0.09021229964537333
5,False,all,anxiety,PCA,HistGradientBoostingClassifier,0.6896969696969697,0.05659450923601823,0.34484848484848485,0.028297254618009113
5,False,all,anxiety,PCA,LogisticRegression,0.6142857142857142,0.07604152106033957,0.6042857142857143,0.09828676978945974
5,False,all,anxiety,PCA,LinearSVC,0.6142857142857142,0.07604152106033957,0.6042857142857143,0.09828676978945974
5,False,all,anxiety,PCA,GradientBoostingClassifier,0.6038095238095238,0.19208841501681845,0.4938095238095238,0.1337535893938438
5,False,all,anxiety,PCA,RandomForestClassifier,0.5731746031746032,0.11609893175715459,0.47230158730158733,0.16569311273848866
5,False,all,anxiety,PCA,DecisionTreeClassifier,0.5342857142857143,0.12725962178895742,0.4809523809523809,0.06964031334385555
5,False,all,anxiety,PCA,GaussianNB,0.49603174603174605,0.2043169152675556,0.4841269841269841,0.21671081444520865
5,False,all,anxiety,PCA,KNeighborsClassifier,0.35777777777777775,0.37419873243775786,0.48555555555555563,0.2199045808785211
5,False,all,anxiety,PCA,SVC,0.3485714285714286,0.31841443921725787,0.38857142857142857,0.17184473295652083
5,False,all,anxiety,t-SNE,HistGradientBoostingClassifier,0.6896969696969697,0.05659450923601823,0.34484848484848485,0.028297254618009113
5,False,all,anxiety,t-SNE,LinearSVC,0.6476190476190476,0.11059261107136754,0.6392857142857142,0.09786192202441621
5,False,all,anxiety,t-SNE,RandomForestClassifier,0.6076190476190476,0.1274465785554384,0.5692857142857143,0.15234467574141664
5,False,all,anxiety,t-SNE,SVC,0.5977777777777777,0.1826417933862839,0.4955555555555556,0.2234134737362847
5,False,all,anxiety,t-SNE,LogisticRegression,0.5952380952380952,0.07142857142857141,0.5769047619047619,0.0792878592588445
5,False,all,anxiety,t-SNE,GradientBoostingClassifier,0.4714285714285714,0.16007367918068202,0.4614285714285714,0.11361908753442003
5,False,all,anxiety,t-SNE,DecisionTreeClassifier,0.4666666666666666,0.14443572274383906,0.4928571428571429,0.13873006792340206
5,False,all,anxiety,t-SNE,GaussianNB,0.43809523809523804,0.12210363242817224,0.4314285714285714,0.10309001416436106
5,False,all,anxiety,t-SNE,KNeighborsClassifier,0.38428571428571423,0.3572999654437745,0.43049783549783543,0.19748731402526723
5,False,all,anxiety,SMOTE,RandomForestClassifier,0.6266666666666667,0.1278019300845388,0.5966666666666667,0.16463343119386983
5,False,all,anxiety,SMOTE,SVC,0.6177777777777778,0.19838856996147236,0.49603174603174605,0.2343501761020304
5,False,all,anxiety,SMOTE,LinearSVC,0.6047619047619047,0.19295265124787161,0.6123015873015872,0.1503792865762826
5,False,all,anxiety,SMOTE,LogisticRegression,0.5952380952380952,0.07142857142857141,0.5769047619047619,0.0792878592588445
5,False,all,anxiety,SMOTE,GaussianNB,0.4714285714285714,0.10832679205787929,0.43809523809523804,0.10694426038797956
5,False,all,anxiety,SMOTE,GradientBoostingClassifier,0.44718614718614713,0.12934236196844584,0.3926406926406926,0.12137965771782613
5,False,all,anxiety,SMOTE,DecisionTreeClassifier,0.44571428571428573,0.1238827622210217,0.43238095238095237,0.176331989501457
5,False,all,anxiety,SMOTE,KNeighborsClassifier,0.3914285714285714,0.3803328295381425,0.47253968253968254,0.2698235288285634
5,False,all,anxiety,SMOTE,HistGradientBoostingClassifier,0.0,0.0,0.3193939393939394,0.028635962799824118
5,False,all,anxiety,Pass,HistGradientBoostingClassifier,0.6896969696969697,0.05659450923601823,0.34484848484848485,0.028297254618009113
5,False,all,anxiety,Pass,LinearSVC,0.6476190476190476,0.11059261107136754,0.6392857142857142,0.09786192202441621
5,False,all,anxiety,Pass,RandomForestClassifier,0.6076190476190476,0.1274465785554384,0.5692857142857143,0.15234467574141664
5,False,all,anxiety,Pass,SVC,0.5977777777777777,0.1826417933862839,0.4955555555555556,0.2234134737362847
5,False,all,anxiety,Pass,LogisticRegression,0.5952380952380952,0.07142857142857141,0.5769047619047619,0.0792878592588445
5,False,all,anxiety,Pass,GradientBoostingClassifier,0.4714285714285714,0.16007367918068202,0.4614285714285714,0.11361908753442003
5,False,all,anxiety,Pass,DecisionTreeClassifier,0.4666666666666666,0.14443572274383906,0.4928571428571429,0.13873006792340206
5,False,all,anxiety,Pass,GaussianNB,0.43809523809523804,0.12210363242817224,0.4314285714285714,0.10309001416436106
5,False,all,anxiety,Pass,KNeighborsClassifier,0.38428571428571423,0.3572999654437745,0.43049783549783543,0.19748731402526723
